source_scope,zip_path,file_name,recommended_asset_path,canonical_team_name,short_code,aliases,normalized_aliases,width,height,sha256,exact_duplicate_paths,verification_status,needs_manual_review,notes
fmp,alameda.png,alameda.png,badges/fmp/alameda.png,Alameda de Osuna,AOA,Alameda Osuna | AOA | Alameda de Osuna | Colegio Alameda de Osuna,ALAMEDA OSUNA | AOA | ALAMEDA DE OSUNA | COLEGIO ALAMEDA DE OSUNA,150,150,0abf680c5a73e82b020d3faa4b5b8820645781c16f8afdbd11027cc749b9498f,,LOCAL_ZIP_PLUS_CODIGO_TXT,NO,
fmp,alcala.png,alcala.png,badges/fmp/alcala.png,Alcalá,ALCA,Alcala | ALCA | CP Alcalá,ALCALA | ALCA | CP ALCALA,150,150,f43480a7d656ef228b03a370180ebb13d82f504559c65bd1c35356b8dfc904ba,,LOCAL_ZIP_PLUS_CODIGO_TXT,NO,
fmp,alcobendas.png,alcobendas.png,badges/fmp/alcobendas.png,Alcobendas,ALB,Alcobendas | ALB | CP Alcobendas,ALCOBENDAS | ALB | CP ALCOBENDAS,150,150,b6344822b66b5337e1e1018d7067876ba20a6fa9496158eeb52e5b73af9475cb,,LOCAL_ZIP_PLUS_CODIGO_TXT,NO,
fmp,alcorcon.png,alcorcon.png,badges/fmp/alcorcon.png,Alcorcón,ALCR,Alcorcon | ALCR | CP Alcorcón,ALCORCON | ALCR | CP ALCORCON,150,150,00f0f3d4c116dcf57ac901df4a4f1d172f6f358e0d90df013b7c46859505a416,,LOCAL_ZIP_PLUS_CODIGO_TXT,NO,
fmp,aldovea.png,aldovea.png,badges/fmp/aldovea.png,Aldovea,ALD,Aldovea | ALD,ALDOVEA | ALD,150,150,7c375aae8feb435d35892017f04ed8a88db8329b29040dfbbfbc9db490a45449,,LOCAL_ZIP_PLUS_CODIGO_TXT,NO,
fmp,aluche.png,aluche.png,badges/fmp/aluche.png,Aluche,ALU,Aluche | ALU | CHP Aluche | Gestas de España CHP Aluche,ALUCHE | ALU | CHP ALUCHE | GESTAS DE ESPANA CHP ALUCHE,135,136,d4f8b57d6289c239d4ea76ffdbcb39bcbe2d2579afcf36c1f3c8e1626d44c7c2,,LOCAL_ZIP_PLUS_CODIGO_TXT,NO,
fmp,coslada.png,coslada.png,badges/fmp/coslada.png,Coslada,COS,Coslada | COS | CP Coslada,COSLADA | COS | CP COSLADA,150,150,2d9435aa24a574b83e5b7e3ff7b6cc50223ff437e46fe9179c2cb72f33b3791d,,LOCAL_ZIP_PLUS_CODIGO_TXT,NO,
fmp,rivas.png,rivas.png,badges/fmp/rivas.png,CP Rivas Las Lagunas,RIV B,Rivas | RIV | Rivas A | RIV A | Rivas B | RIV B | CP Rivas Las Lagunas | Rivas Hockey | ADISS Hockey Rivas | Hockey Rivas,RIVAS | RIV | RIVAS A | RIV A | RIVAS B | RIV B | CP RIVAS LAS LAGUNAS | RIVAS HOCKEY | ADISS HOCKEY RIVAS | HOCKEY RIVAS,150,150,31d712a8e842e10053862ee11bc9c18ef20b68d2915e283929c00af67fc57833,,LOCAL_ZIP_PLUS_CODIGO_TXT,NO,
fmp,casar.png,casar.png,badges/fmp/casar.png,El Casar,CAS,Casar | CAS | CDE El Casar | El Casar,CASAR | CAS | CDE EL CASAR | EL CASAR,150,150,03e3d38dcdeb763d2d769dd434991a715157d458ab5541fa25b8924905f19c36,,LOCAL_ZIP_PLUS_CODIGO_TXT,NO,
fmp,gredos.png,gredos.png,badges/fmp/gredos.png,Gredos,GRD,Gredos | GRD | Gredos San Diego,GREDOS | GRD | GREDOS SAN DIEGO,150,150,ac1fbe0e12ab49ba032135dad960f5ba36be70746b572862d726ca190e6eeb14,,LOCAL_ZIP_PLUS_CODIGO_TXT,NO,
fmp,lasrozas.png,lasrozas.png,badges/fmp/lasrozas.png,Las Rozas,ROZ,Las Rozas | ROZ | CP Las Rozas,LAS ROZAS | ROZ | CP LAS ROZAS,150,150,5874be1b30e8ce53387952abc707a1946a6150054bca736300ef954ec3b6a987,,LOCAL_ZIP_PLUS_CODIGO_TXT,NO,
fmp,majadahonda.png,majadahonda.png,badges/fmp/majadahonda.png,Majadahonda,MJH,Majadahonda | MJH | CHP Majadahonda,MAJADAHONDA | MJH | CHP MAJADAHONDA,150,150,b5f882d8dccad562b3be297b83ea5b486e3519a4cfc7e976d047be6147a88a99,,LOCAL_ZIP_PLUS_CODIGO_TXT,NO,
fmp,retamar.png,retamar.png,badges/fmp/retamar.png,Retamar,RET,Retamar | RET,RETAMAR | RET,150,150,0a01a7901b6a9966025380a6ad2f37f54fb8e0c0828dc45c3573135e4fb87ac6,,LOCAL_ZIP_PLUS_CODIGO_TXT,NO,
fmp,sanse.png,sanse.png,badges/fmp/sanse.png,Sanse,SANS,Sanse | SANS | San Sebastián de los Reyes | CP Sanse,SANSE | SANS | SAN SEBASTIAN DE LOS REYES | CP SANSE,143,132,1efaeff5b99e3ba6b43bbc112ce8fcd0b577f76248ade2e9933a3dec19e719c4,,LOCAL_ZIP_PLUS_CODIGO_TXT,NO,
fmp,pilar.png,pilar.png,badges/fmp/pilar.png,Santa María del Pilar,SMP,Sta.Maria del Pilar | SMP | Santa María del Pilar | CP Pilar,STA MARIA DEL PILAR | SMP | SANTA MARIA DEL PILAR | CP PILAR,140,150,69134552e5f2e809909c40a8c4d3866f144a13497966203ff60765d5a078c055,,LOCAL_ZIP_PLUS_CODIGO_TXT,NO,
fmp,lablanca.png,lablanca.png,badges/fmp/lablanca.png,Santa María La Blanca,SMB,Sta.Maria La Blanca | SMB | Santa María La Blanca,STA MARIA LA BLANCA | SMB | SANTA MARIA LA BLANCA,150,150,1fe20e24f15fcc7f997eabd8626596a4edf808f9cf2bc339dc80d0de8007e39b,,LOCAL_ZIP_PLUS_CODIGO_TXT,NO,
fmp,trescantos.png,trescantos.png,badges/fmp/trescantos.png,Tres Cantos,TCS,Tres Cantos | TCS | Tres Cantos Ibercenter PC,TRES CANTOS | TCS | TRES CANTOS IBERCENTER PC,150,150,fb578452ffd586fd4eff49e24553dce755329675a93e388491c37a0587ff4d36,,LOCAL_ZIP_PLUS_CODIGO_TXT,NO,
fmp,vetonia.png,vetonia.png,badges/fmp/vetonia.png,Vetonia,VET,Vetonia | VET,VETONIA | VET,150,150,326e29d202693a7894d3bf05ff3f1845d0ee1c6a38b0022153dcccd9df9baa77,,LOCAL_ZIP_PLUS_CODIGO_TXT,NO,
fmp,viejasgloriasVDE.png,viejasgloriasVDE.png,badges/fmp/viejasgloriasvde.png,Viejasgloriasvde,,Viejas Glorias Virgen de Europa | Viejas Glorias VDE,VIEJAS GLORIAS VIRGEN DE EUROPA | VIEJAS GLORIAS VDE,1985,2328,5064200f956284d16fea3aa0c381827ed0e5b55d1cd416406bac4b80bdbd64bf,,LOCAL_ZIP_PLUS_CODIGO_TXT,NO,
fmp,vdeuropa.png,vdeuropa.png,badges/fmp/vdeuropa.png,Virgen de Europa,CVE,Virgen de Europa | CVE | Club Virgen de Europa,VIRGEN DE EUROPA | CVE | CLUB VIRGEN DE EUROPA,150,150,23b6e093d9c2f68d35eaa7f578a3346738442db2cd9246897540cd77d3199113,,LOCAL_ZIP_PLUS_CODIGO_TXT,NO,
rfep,ESCUDOS HOCKEY ESPAÑA/acordes.png,acordes.png,badges/rfep/acordes.png,Acordes,,Acordes,ACORDES,150,150,9ecf8d1829da39391e4a1983db23c5c6ab55f2cfdb11e356b47aad8ae77881db,,LOCAL_ZIP_FILENAME,YES,
rfep,ESCUDOS HOCKEY ESPAÑA/acp-escuela.png,acp-escuela.png,badges/rfep/acp_escuela.png,Acp Escuela,,Acp Escuela,ACP ESCUELA,150,150,bf178ac6866977a832059c6d6a7cec6474ea816e1efabea201655c98cf267159,,LOCAL_ZIP_FILENAME,YES,
rfep,ESCUDOS HOCKEY ESPAÑA/albaida.png,albaida.png,badges/rfep/albaida.png,Albaida,,Albaida,ALBAIDA,150,150,c772768495e323fcb3c28a4b817e4be5bd33421812d0fc4ac49040d2617b8910,,LOCAL_ZIP_FILENAME,YES,
rfep,ESCUDOS HOCKEY ESPAÑA/alcañiz.png,alcañiz.png,badges/rfep/alcaniz.png,Alcañiz,,Alcañiz,ALCANIZ,150,150,e300eec0bcc551dd58182cdc48ecec7089ba6a319e81bbf04a67bb2668778a24,,LOCAL_ZIP_FILENAME,YES,
rfep,ESCUDOS HOCKEY ESPAÑA/alcoi.png,alcoi.png,badges/rfep/alcoi.png,Alcoi,,Alcoi | PAS Alcoi | AITEX PAS Alcoi,ALCOI | PAS ALCOI | AITEX PAS ALCOI,150,150,7343b1fd3ffca0fbc968926dbe72dbada8f08a6b16ca42a9ffc33baab872b052,,LOCAL_ZIP_FILENAME,NO,
rfep,ESCUDOS HOCKEY ESPAÑA/alpicat.png,alpicat.png,badges/rfep/alpicat.png,Alpicat,,Alpicat | Lleida.net Alpicat,ALPICAT | LLEIDA NET ALPICAT,150,150,0e7b640964ffbed147cdedce9877494afa3b90b19fc405b2714de1953020202f,,LOCAL_ZIP_FILENAME,YES,
rfep,ESCUDOS HOCKEY ESPAÑA/andorra.png,andorra.png,badges/rfep/andorra.png,Andorra,,Andorra,ANDORRA,143,150,5ec9df80b84a9fc44c74f272a0d6f6abe118d911751ff2cb0a13e59d58ccb605,,LOCAL_ZIP_FILENAME,YES,
rfep,ESCUDOS HOCKEY ESPAÑA/areces pavitek.png,areces pavitek.png,badges/rfep/areces_pavitek.png,Areces Pavitek,,Areces Pavitek,ARECES PAVITEK,150,150,3398ca761fe2a6e408aa78bf83ab734df121cc61b5c1bbaba8551ebe8bcc3135,,LOCAL_ZIP_FILENAME,YES,
rfep,ESCUDOS HOCKEY ESPAÑA/arenys de munt.png,arenys de munt.png,badges/rfep/arenys_de_munt.png,Arenys De Munt,,Arenys De Munt,ARENYS DE MUNT,150,150,4dc54d8c6ecdee5c40d2288e1d37af3517a581f08da98383af1238fba94dfb5e,,LOCAL_ZIP_FILENAME,YES,
rfep,ESCUDOS HOCKEY ESPAÑA/aurrera-batgora.png,aurrera-batgora.png,badges/rfep/aurrera_batgora.png,Aurrera Batgora,,Aurrera Batgora,AURRERA BATGORA,150,150,8be45838eb525c34731e580a8dd51a3a7806603e61ab5153a9d6e6745153ede6,,LOCAL_ZIP_FILENAME,YES,
rfep,ESCUDOS HOCKEY ESPAÑA/autentic sedavi.png,autentic sedavi.png,badges/rfep/autentic_sedavi.png,Autentic Sedavi,,Autentic Sedavi,AUTENTIC SEDAVI,150,150,7df5514995ea708843a42dffd8a089848570dee83bb77f638f1f362c93a200b8,,LOCAL_ZIP_FILENAME,YES,
rfep,ESCUDOS HOCKEY ESPAÑA/barbera.png,barbera.png,badges/rfep/barbera.png,Barbera,,Barbera,BARBERA,150,150,e757517aa0c6594e3ad44de33c4bc62d2c292646ee75a8cdbd991a6b0583e23c,,LOCAL_ZIP_FILENAME,YES,
rfep,ESCUDOS HOCKEY ESPAÑA/barsa.png,barsa.png,badges/rfep/barsa.png,Barça,,Barça | barsa | FCB | FC Barcelona,BARCA | BARSA | FCB | FC BARCELONA,150,150,81374518a691276a9556434ef3f3d2672ea2bbf05e79f57da27331b75df8f176,,LOCAL_ZIP_FILENAME,NO,
rfep,ESCUDOS HOCKEY ESPAÑA/bat-gora kirol.png,bat-gora kirol.png,badges/rfep/bat_gora_kirol.png,Bat Gora Kirol,,Bat Gora Kirol,BAT GORA KIROL,150,150,e5fc8dd84269a1b9ccdf96e1577f08315c1775094145e66f72eae9088abad57b,,LOCAL_ZIP_FILENAME,YES,
rfep,ESCUDOS HOCKEY ESPAÑA/bembibre.png,bembibre.png,badges/rfep/bembibre.png,Bembibre,,Bembibre,BEMBIBRE,150,150,e8c6afaba4ce12c6e40840b6e7e77af7763a7efbeca62c0f2e3c16b4bff70ab2,,LOCAL_ZIP_FILENAME,YES,
rfep,ESCUDOS HOCKEY ESPAÑA/berenguela.png,berenguela.png,badges/rfep/berenguela.png,Berenguela,,Berenguela,BERENGUELA,150,150,68e43ac4980c46559b9396d91bcbf95f7415023a253875d3233eab15d2b38d32,,LOCAL_ZIP_FILENAME,YES,
rfep,ESCUDOS HOCKEY ESPAÑA/bigues i riells.png,bigues i riells.png,badges/rfep/bigues_i_riells.png,Bigues I Riells,,Bigues I Riells,BIGUES I RIELLS,150,150,d0f8359919082c796ab720a9bdaa4f08b7bb0bfad9daf8b9018dba2b067053d7,,LOCAL_ZIP_FILENAME,YES,
rfep,ESCUDOS HOCKEY ESPAÑA/blanes.png,blanes.png,badges/rfep/blanes.png,Blanes,,Blanes,BLANES,150,150,826d36d7754906528727d1f69fbb1fb5b688efa144689f068194a4b7f2ba957c,,LOCAL_ZIP_FILENAME,YES,
rfep,ESCUDOS HOCKEY ESPAÑA/burgos.png,burgos.png,badges/rfep/burgos.png,Burgos,,Burgos,BURGOS,150,150,5b062870798cd5581c5a42ac744200ae3154e85f776507c187c20a867a038fc6,,LOCAL_ZIP_FILENAME,YES,
rfep,ESCUDOS HOCKEY ESPAÑA/burguillos.png,burguillos.png,badges/rfep/burguillos.png,Burguillos,,Burguillos,BURGUILLOS,150,150,74c2d984b0a032b36a13f1d210f8578aa774ae3cca843105864796cb94bbb7e1,,LOCAL_ZIP_FILENAME,YES,
rfep,ESCUDOS HOCKEY ESPAÑA/c.asturiano.png,c.asturiano.png,badges/rfep/c_asturiano.png,C.asturiano,,C.asturiano,C ASTURIANO,150,150,a271b1809f046c2c7b5255e71166b5804d69ad0900cdd980a938f1e3a33222fc,,LOCAL_ZIP_FILENAME,YES,
rfep,ESCUDOS HOCKEY ESPAÑA/c.p.pilar.png,c.p.pilar.png,badges/rfep/c_p_pilar.png,C.p.pilar,,C.p.pilar,CP PILAR,150,150,89db9d58020e923a7b13bfb0e5ce6d264eea9689dfbbc9c51da1d6a7fe3d57f4,,LOCAL_ZIP_FILENAME,YES,
rfep,ESCUDOS HOCKEY ESPAÑA/cadi.png,cadi.png,badges/rfep/cadi.png,Cadí,,Cadí,CADI,150,150,a7e447e2cb1eb76fced0d5622e5d1a56baf5dd7f89db2d8ae8e8be8224335de1,,LOCAL_ZIP_FILENAME,YES,
rfep,ESCUDOS HOCKEY ESPAÑA/cajar cpa.png,cajar cpa.png,badges/rfep/cajar_cpa.png,Cajar Cpa,,Cajar Cpa,CAJAR CPA,150,150,b7ae2f8bf0c9514355c2c970bb589b1de5d007dfb466fcaefaa6d80b25336dd3,,LOCAL_ZIP_FILENAME,YES,
rfep,ESCUDOS HOCKEY ESPAÑA/cajar granada.png,cajar granada.png,badges/rfep/cajar_granada.png,Cajar Granada,,Cajar Granada,CAJAR GRANADA,134,150,189bab45b90b6e2df13430d5314bc2e3e25d9601ba6d4ff4d4ff85da86e4c438,,LOCAL_ZIP_FILENAME,YES,
rfep,ESCUDOS HOCKEY ESPAÑA/calafell.png,calafell.png,badges/rfep/calafell.png,Calafell,,Calafell | CP Calafell | Calafell La Menorquina,CALAFELL | CP CALAFELL | CALAFELL LA MENORQUINA,150,150,bd1d596fea479a167d7ff839a580dd1e5b0840bd2c7a2dca1129127a59b33559,,LOCAL_ZIP_FILENAME,NO,
rfep,ESCUDOS HOCKEY ESPAÑA/caldes.png,caldes.png,badges/rfep/caldes.png,Caldes,,Caldes,CALDES,150,150,bb82e1c26955ab887ec2cd5172fdb73207755afde483472f9b4cca76b8791a12,,LOCAL_ZIP_FILENAME,YES,
rfep,ESCUDOS HOCKEY ESPAÑA/capellades.png,capellades.png,badges/rfep/capellades.png,Capellades,,Capellades,CAPELLADES,150,150,e53b4f14b9d8c3b4a6414c2a6dd806cb8e1ac4c706809ea8bf92ff3e017c1dcf,,LOCAL_ZIP_FILENAME,YES,
rfep,ESCUDOS HOCKEY ESPAÑA/castellar.png,castellar.png,badges/rfep/castellar.png,Castellar,,Castellar,CASTELLAR,150,150,f9856309a6ae677f612aec564ddb3a99e19e563a7a0c50045ef876ea9dc6a930,,LOCAL_ZIP_FILENAME,YES,
rfep,ESCUDOS HOCKEY ESPAÑA/centelles.png,centelles.png,badges/rfep/centelles.png,Centelles,,Centelles,CENTELLES,150,150,5f6273e42638d5a087753973057ddee0b9538a25f965dc46c100bd71a9c1504e,,LOCAL_ZIP_FILENAME,YES,
rfep,ESCUDOS HOCKEY ESPAÑA/cerdanyola.png,cerdanyola.png,badges/rfep/cerdanyola.png,Cerdanyola,,Cerdanyola | Cerdanyola CH | Cerdanyola Club d'Hoquei,CERDANYOLA | CERDANYOLA CH | CERDANYOLA CLUB D HOQUEI,150,150,3c5fec581239debfa970bb8502ffc0d84ad263a58ed0bfe010bdb1b3b7d1ec50,,LOCAL_ZIP_FILENAME,NO,
rfep,ESCUDOS HOCKEY ESPAÑA/claret.png,claret.png,badges/rfep/claret.png,Claret,,Claret,CLARET,150,150,e35e3a30c7dc5d681d003f6bccec74056f6079fa1687652cc0f88bbe430ac8c8,,LOCAL_ZIP_FILENAME,YES,
rfep,ESCUDOS HOCKEY ESPAÑA/claret-patin.png,claret-patin.png,badges/rfep/claret_patin.png,Claret Patin,,Claret Patin,CLARET PATIN,150,150,0b1eeb36f64e6004d55d28170b71db7f65551e1cdbdc26394627ffdc15219c35,,LOCAL_ZIP_FILENAME,YES,
rfep,ESCUDOS HOCKEY ESPAÑA/cmd.png,cmd.png,badges/rfep/cmd.png,Cmd,,Cmd,CMD,150,150,c484bf258c7edf989e252bfbae6c4bac3bb48feee742c6e4b6b5bd18eb47e765,,LOCAL_ZIP_FILENAME,YES,
rfep,ESCUDOS HOCKEY ESPAÑA/cocentaina.png,cocentaina.png,badges/rfep/cocentaina.png,Cocentaina,,Cocentaina,COCENTAINA,150,150,5e2c6970c7111794c1dcb2b89d548ad23af4786816ab17726c048791f8b8c4e1,,LOCAL_ZIP_FILENAME,YES,
rfep,ESCUDOS HOCKEY ESPAÑA/compostela.png,compostela.png,badges/rfep/compostela.png,Compostela,,Compostela,COMPOSTELA,150,150,cc8f7cbb5486d577eea2a4a3dc61e604363f3f24deaf191ea01db1d3247c904b,,LOCAL_ZIP_FILENAME,YES,
rfep,ESCUDOS HOCKEY ESPAÑA/congres club pati.png,congres club pati.png,badges/rfep/congres_club_pati.png,Congres Club Pati,,Congres Club Pati,CONGRES CLUB PATI,150,150,a52093ef8047dd3a8fd4b663d9dd7e23a11c8a3373f53f7b4a59c2c9765cf227,,LOCAL_ZIP_FILENAME,YES,
rfep,ESCUDOS HOCKEY ESPAÑA/corredoira.png,corredoira.png,badges/rfep/corredoira.png,Corredoira,,Corredoira,CORREDOIRA,150,150,989d867e22608cc7bcf99ed1f824924b1ff9e18089e7ad13d9c71c9eb5f3a213,,LOCAL_ZIP_FILENAME,YES,
rfep,ESCUDOS HOCKEY ESPAÑA/coruña.png,coruña.png,badges/rfep/coruna.png,Coruña,,Coruña,CORUNA,150,150,bc1c21d7eca27683517a86b0aa073ea72ef600407a4c9eacba7ab6cda6fec83a,,LOCAL_ZIP_FILENAME,YES,
rfep,ESCUDOS HOCKEY ESPAÑA/cubelles.png,cubelles.png,badges/rfep/cubelles.png,Cubelles,,Cubelles,CUBELLES,150,150,56c27a762259a0a198b69b88469664348beabf34a244d6da8bfcd28642ae63a7,ESCUDOS HOCKEY ESPAÑA/cubelles.png | ESCUDOS HOCKEY ESPAÑA/salt.png,LOCAL_ZIP_FILENAME,YES,
rfep,ESCUDOS HOCKEY ESPAÑA/d'horta.png,d'horta.png,badges/rfep/d_horta.png,D'horta,,D'horta,D HORTA,150,150,a5debddb27a3fbe0ab94d81b17c3e8dfef768a7b182036e174949fbba19ef7f6,,LOCAL_ZIP_FILENAME,YES,
rfep,ESCUDOS HOCKEY ESPAÑA/digittecnic cpv.png,digittecnic cpv.png,badges/rfep/digittecnic_cpv.png,Digittecnic Cpv,,Digittecnic Cpv,DIGITTECNIC CPV,150,150,26c5e0769324aa53ff06ec6d2a6222e88258e67af63131ac587843975948d91d,,LOCAL_ZIP_FILENAME,YES,
rfep,ESCUDOS HOCKEY ESPAÑA/dominicos.png,dominicos.png,badges/rfep/dominicos.png,Dominicos,,Dominicos | CAA Dominicos,DOMINICOS | CAA DOMINICOS,150,150,aa5aa2038a82656deef61432338d73f301e5dfe4edcac921467d56ad6f97db5a,,LOCAL_ZIP_FILENAME,YES,
rfep,ESCUDOS HOCKEY ESPAÑA/ene oposicionclubpatinmieres.png,ene oposicionclubpatinmieres.png,badges/rfep/ene_oposicionclubpatinmieres.png,Ene Oposicionclubpatinmieres,,Ene Oposicionclubpatinmieres | ENE Oposiciones CP Mieres | CP Mieres | Mieres,ENE OPOSICIONCLUBPATINMIERES | ENE OPOSICIONES CP MIERES | CP MIERES | MIERES,150,150,9f3e2fbf5e8e175f42a32a99e201612c4b03efc50f0b7a4d5414d1db74ab3404,ESCUDOS HOCKEY ESPAÑA/ene oposicionclubpatinmieres.png | ESCUDOS HOCKEY ESPAÑA/mieres.png,LOCAL_ZIP_FILENAME,NO,
rfep,ESCUDOS HOCKEY ESPAÑA/espanyol.png,espanyol.png,badges/rfep/espanyol.png,Espanyol,,Espanyol,ESPANYOL,150,150,58e17c7aa40f52080cd80bf5c3755d77326d5cbd30d826b5957f16a151dacc57,,LOCAL_ZIP_FILENAME,YES,
rfep,ESCUDOS HOCKEY ESPAÑA/fabril.png,fabril.png,badges/rfep/fabril.png,Fabril,,Fabril,FABRIL,150,150,52edc9428ef8928a379d3787831ec8f9718c88529e08d45eb2ef2251816344e4,,LOCAL_ZIP_FILENAME,YES,
rfep,ESCUDOS HOCKEY ESPAÑA/floreal.png,floreal.png,badges/rfep/floreal.png,Floreal,,Floreal,FLOREAL,150,150,c5cf6a28eb8fb42328351c8363072f8fd523bc948dadb9d2b9cdd740e69e8b5c,,LOCAL_ZIP_FILENAME,YES,
rfep,ESCUDOS HOCKEY ESPAÑA/fraga.png,fraga.png,badges/rfep/fraga.png,Fraga,,Fraga,FRAGA,150,150,9858a14621339b2d08ce5027e6560f2121a3d0ea89a7d3182b7400f3dfd2c2d7,,LOCAL_ZIP_FILENAME,YES,
rfep,ESCUDOS HOCKEY ESPAÑA/fuengirola.png,fuengirola.png,badges/rfep/fuengirola.png,Fuengirola,,Fuengirola,FUENGIROLA,150,150,64a18c97641b2a1a183f04ba9dc54b77d82624e9c214654a1acb916f854518cd,,LOCAL_ZIP_FILENAME,YES,
rfep,ESCUDOS HOCKEY ESPAÑA/gallinero loco.png,gallinero loco.png,badges/rfep/gallinero_loco.png,Gallinero Loco,,Gallinero Loco,GALLINERO LOCO,150,150,322a6ac2e8d2bb348f4d624d30ac96e0de4b94341e5effa2dd9fa7b58580d438,,LOCAL_ZIP_FILENAME,YES,
rfep,ESCUDOS HOCKEY ESPAÑA/gandia.png,gandia.png,badges/rfep/gandia.png,Gandia,,Gandia,GANDIA,150,150,e845448600224b00103a37f37de817277b0ce75d49344cac204363216aef501a,,LOCAL_ZIP_FILENAME,YES,
rfep,ESCUDOS HOCKEY ESPAÑA/gatikako.png,gatikako.png,badges/rfep/gatikako.png,Gatikako,,Gatikako,GATIKAKO,150,150,24669efadb40b19b6f526d904f175c56a72926e0bfc64ef664b520819363820c,,LOCAL_ZIP_FILENAME,YES,
rfep,ESCUDOS HOCKEY ESPAÑA/geieg.png,geieg.png,badges/rfep/geieg.png,Geieg,,Geieg,GEIEG,150,150,7a0698d7371952d59ab77dba8d3cac62ca092456e582a49b665671312216004d,,LOCAL_ZIP_FILENAME,YES,
rfep,ESCUDOS HOCKEY ESPAÑA/girona hipoteca.png,girona hipoteca.png,badges/rfep/girona_hipoteca.png,Girona Hipoteca,,Girona Hipoteca,GIRONA HIPOTECA,150,150,21a3caf16f9f6eb730bbacb610cd6f1d9793ec22f7e8b4238b731c1855f817f1,,LOCAL_ZIP_FILENAME,YES,
rfep,ESCUDOS HOCKEY ESPAÑA/gurutzeta.png,gurutzeta.png,badges/rfep/gurutzeta.png,Gurutzeta,,Gurutzeta,GURUTZETA,150,150,e333a6b633232834d602fc3052c66e4beac8db9103b759121e98fbb21cf06989,,LOCAL_ZIP_FILENAME,YES,
rfep,ESCUDOS HOCKEY ESPAÑA/harina trad patinalon.png,harina trad patinalon.png,badges/rfep/harina_trad_patinalon.png,Harina Trad Patinalon,,Harina Trad Patinalon,HARINA TRAD PATINALON,150,150,90ed312345120e6b3f821d171970fd4dc5c5360f378676b1c993b13c998a9e38,,LOCAL_ZIP_FILENAME,YES,
rfep,ESCUDOS HOCKEY ESPAÑA/hcs entmenat.png,hcs entmenat.png,badges/rfep/hcs_entmenat.png,Hcs Entmenat,,Hcs Entmenat,HCS ENTMENAT,150,150,c8db6c712c104080f15c7827643a961c1e52fee75edafd5ca80eb245ed05dc18,,LOCAL_ZIP_FILENAME,YES,
rfep,ESCUDOS HOCKEY ESPAÑA/igualada.png,igualada.png,badges/rfep/igualada.png,Igualada,,Igualada | Igualada HC,IGUALADA | IGUALADA HC,150,150,cd73fe9938d4d6961ed8ef9b7e51d75807fffd17ad53529c91f08147d35ab1b2,,LOCAL_ZIP_FILENAME,YES,
rfep,ESCUDOS HOCKEY ESPAÑA/irlandesas.png,irlandesas.png,badges/rfep/irlandesas.png,Irlandesas,,Irlandesas,IRLANDESAS,150,150,98b8442b491b7797fcbaaffc69d071eb8b7cc81ecb10061f217ec39ac1f085cf,,LOCAL_ZIP_FILENAME,YES,
rfep,ESCUDOS HOCKEY ESPAÑA/italicense.png,italicense.png,badges/rfep/italicense.png,Italicense,,Italicense,ITALICENSE,150,150,38871f38102b14e0c29d4961b0b8849de4dcb3c7732a00c0af9245df3a3eec32,,LOCAL_ZIP_FILENAME,YES,
rfep,ESCUDOS HOCKEY ESPAÑA/jolaseta.png,jolaseta.png,badges/rfep/jolaseta.png,Jolaseta,,Jolaseta | RC Jolaseta,JOLASETA | RC JOLASETA,150,150,b9d1e2140f42ec9d63f43194aca49aa196fe1468ddcc54ba23d5a3c7d55f3950,,LOCAL_ZIP_FILENAME,YES,
rfep,ESCUDOS HOCKEY ESPAÑA/la salle.png,la salle.png,badges/rfep/la_salle.png,La Salle,,La Salle,LA SALLE,150,150,dc2ffda808488fda429f783e96e5e80ac91f9813b12782b77867590dbc076c91,,LOCAL_ZIP_FILENAME,YES,
rfep,ESCUDOS HOCKEY ESPAÑA/laguna negra.png,laguna negra.png,badges/rfep/laguna_negra.png,Laguna Negra,,Laguna Negra,LAGUNA NEGRA,150,150,53c2e89a8abf98af5991ee3ae80ffab2078e9537c0102b41d3d0fcd3d8a6540e,,LOCAL_ZIP_FILENAME,YES,
rfep,ESCUDOS HOCKEY ESPAÑA/liceo.png,liceo.png,badges/rfep/liceo.png,Liceo,,Liceo | HC Liceo | Hockey Club Liceo,LICEO | HC LICEO | HOCKEY CLUB LICEO,150,150,7844ecf5c6a9391ab63e40f55f34cdc81c801c2d811c6aee6e77621ec42e914a,,LOCAL_ZIP_FILENAME,NO,
rfep,ESCUDOS HOCKEY ESPAÑA/lleida.png,lleida.png,badges/rfep/lleida.png,Lleida,,Lleida | Lleida.net Alpicat | Finques Prats Lleida,LLEIDA | LLEIDA NET ALPICAT | FINQUES PRATS LLEIDA,150,150,6dae3016038791a0d08a15d77a24fe488af7f081cdf0555595863d5a7d68ce3f,,LOCAL_ZIP_FILENAME,NO,
rfep,ESCUDOS HOCKEY ESPAÑA/lloret.png,lloret.png,badges/rfep/lloret.png,Lloret,,Lloret,LLORET,150,150,cbd982186a7de977bbff3ac3c046024d40cece0725cd51f5171262473c52c78c,,LOCAL_ZIP_FILENAME,YES,
rfep,ESCUDOS HOCKEY ESPAÑA/loyola indautxu.png,loyola indautxu.png,badges/rfep/loyola_indautxu.png,Loyola Indautxu,,Loyola Indautxu,LOYOLA INDAUTXU,150,150,731fff98dc6d4d05a3793296cb358a6d311c40f8c394641216b15d2f3e0fdcc4,,LOCAL_ZIP_FILENAME,YES,
rfep,ESCUDOS HOCKEY ESPAÑA/lubians.png,lubians.png,badges/rfep/lubians.png,Lubians,,Lubians,LUBIANS,150,150,fde7a4ee33d39d286484d18aac1e6c44a05fe123d7bfa47ef699dd8f0211604a,,LOCAL_ZIP_FILENAME,YES,
rfep,ESCUDOS HOCKEY ESPAÑA/malgrat grup escobar.png,malgrat grup escobar.png,badges/rfep/malgrat_grup_escobar.png,Malgrat Grup Escobar,,Malgrat Grup Escobar,MALGRAT GRUP ESCOBAR,150,150,28ff1102c44f97c841ef2d179079edb31dd13b7397ad95d9ee6526d0be18a938,,LOCAL_ZIP_FILENAME,YES,
rfep,ESCUDOS HOCKEY ESPAÑA/manlleu.png,manlleu.png,badges/rfep/manlleu.png,Manlleu,,Manlleu | CP Manlleu,MANLLEU | CP MANLLEU,150,150,d280891af64c8a2179a850016050b4c70f54bcbadcb07bd692e5339884a138ad,,LOCAL_ZIP_FILENAME,YES,
rfep,ESCUDOS HOCKEY ESPAÑA/marinera la.png,marinera la.png,badges/rfep/marinera_la.png,Marinera La,,Marinera La,MARINERA LA,150,150,822cedc271216b655c7facf453b21c287678f3b1e0e469d596bcf5c5b649eccc,,LOCAL_ZIP_FILENAME,YES,
rfep,ESCUDOS HOCKEY ESPAÑA/martorell.png,martorell.png,badges/rfep/martorell.png,Martorell,,Martorell,MARTORELL,150,150,cceaf12f5655340403aa7b7a408201223754d6b6d0aac99a3f452329ecbdc13a,,LOCAL_ZIP_FILENAME,YES,
rfep,ESCUDOS HOCKEY ESPAÑA/mataro.png,mataro.png,badges/rfep/mataro.png,Mataró,,Mataró | CH Mataró,MATARO | CH MATARO,150,150,17434e3f7a46af35899956775ef98642cd9eadf888a0fe4bdd3582a7496b88a4,,LOCAL_ZIP_FILENAME,YES,
rfep,ESCUDOS HOCKEY ESPAÑA/meraki gran canaria.png,meraki gran canaria.png,badges/rfep/meraki_gran_canaria.png,Meraki Gran Canaria,,Meraki Gran Canaria,MERAKI GRAN CANARIA,150,150,852dc62825203f918123b0c8f714ab473855d99d5b5686aa4f46de1541c28c5e,,LOCAL_ZIP_FILENAME,YES,
rfep,ESCUDOS HOCKEY ESPAÑA/mieres.png,mieres.png,badges/rfep/mieres.png,Mieres,,Mieres | CP Mieres | Club Patín Mieres,MIERES | CP MIERES | CLUB PATIN MIERES,150,150,9f3e2fbf5e8e175f42a32a99e201612c4b03efc50f0b7a4d5414d1db74ab3404,ESCUDOS HOCKEY ESPAÑA/ene oposicionclubpatinmieres.png | ESCUDOS HOCKEY ESPAÑA/mieres.png,LOCAL_ZIP_FILENAME,NO,
rfep,ESCUDOS HOCKEY ESPAÑA/mollerussa.png,mollerussa.png,badges/rfep/mollerussa.png,Mollerussa,,Mollerussa,MOLLERUSSA,150,150,d87f2c4477836bf634e30d85ff2e6a67b9a0fb61f4f03966e058f18c822db9ee,,LOCAL_ZIP_FILENAME,YES,
rfep,ESCUDOS HOCKEY ESPAÑA/mollet.png,mollet.png,badges/rfep/mollet.png,Mollet,,Mollet,MOLLET,150,150,7492ae1a99164829a1b121de01e815a4fd654c24e64a21b5f7e8ab9a76077f3d,,LOCAL_ZIP_FILENAME,YES,
rfep,ESCUDOS HOCKEY ESPAÑA/monjos pansalud.png,monjos pansalud.png,badges/rfep/monjos_pansalud.png,Monjos Pansalud,,Monjos Pansalud,MONJOS PANSALUD,150,150,a273541fc55dab3d25b1d83f619c399c919bcf36903d7bdad45dd127c20bc96d,,LOCAL_ZIP_FILENAME,YES,
rfep,ESCUDOS HOCKEY ESPAÑA/mundaiz.png,mundaiz.png,badges/rfep/mundaiz.png,Mundaiz,,Mundaiz,MUNDAIZ,150,150,eb5a7eb141c4bb979cdb17958cbbad31169caf86d148cb11771967582e8470ff,,LOCAL_ZIP_FILENAME,YES,
rfep,ESCUDOS HOCKEY ESPAÑA/muro.png,muro.png,badges/rfep/muro.png,Muro,,Muro,MURO,150,150,235a8ad83158ddb4f8aa91077bc94531e19b6987f73911c5e94017770e93a392,,LOCAL_ZIP_FILENAME,YES,
rfep,ESCUDOS HOCKEY ESPAÑA/nacho y teja elect.png,nacho y teja elect.png,badges/rfep/nacho_y_teja_elect.png,Nacho Y Teja Elect,,Nacho Y Teja Elect,NACHO Y TEJA ELECT,150,150,0970868eb35b62463efff9aff745a33aa78f8bb2b3f2adb397ce15ba059f7186,,LOCAL_ZIP_FILENAME,YES,
rfep,ESCUDOS HOCKEY ESPAÑA/noia.png,noia.png,badges/rfep/noia.png,Noia,,Noia | CE Noia | CE Noia Freixenet,NOIA | CE NOIA | CE NOIA FREIXENET,150,150,e95ab772b8bedbc63dd937df68b184cf10fc24e46ed23d8566002463be020f82,,LOCAL_ZIP_FILENAME,NO,
rfep,ESCUDOS HOCKEY ESPAÑA/oberena.png,oberena.png,badges/rfep/oberena.png,Oberena,,Oberena,OBERENA,150,150,d1b6a58fdc6fc553260ac7eae0f6cd47852ca07818f984b27bf99cc1d47be508,,LOCAL_ZIP_FILENAME,YES,
rfep,ESCUDOS HOCKEY ESPAÑA/olesa pati.png,olesa pati.png,badges/rfep/olesa_pati.png,Olesa Pati,,Olesa Pati,OLESA PATI,150,150,e8e5d2191c3ba3fbe5c82af00004da52b03f6d4edd7f9f057004e178c88868c6,,LOCAL_ZIP_FILENAME,YES,
rfep,ESCUDOS HOCKEY ESPAÑA/olot.png,olot.png,badges/rfep/olot.png,Olot,,Olot | CH Olot | B-Sensible CH Olot,OLOT | CH OLOT | B SENSIBLE CH OLOT,150,150,0de9bc2be20dde845bd3e63dfa777e093a193420f80c66c93c3b26a0b0c3bdec,,LOCAL_ZIP_FILENAME,NO,
rfep,ESCUDOS HOCKEY ESPAÑA/oviedo.png,oviedo.png,badges/rfep/oviedo.png,Oviedo,,Oviedo | Oviedo Roller HC,OVIEDO | OVIEDO ROLLER HC,150,150,6288f2455043c41f48c66fc95e3ee3ed5d72dfbba930e89f0af702b8939cea9d,,LOCAL_ZIP_FILENAME,YES,
rfep,ESCUDOS HOCKEY ESPAÑA/palafrugell.png,palafrugell.png,badges/rfep/palafrugell.png,Palafrugell,,Palafrugell,PALAFRUGELL,150,150,3996c02531dcba0768b219ed61a02157648dd9715f9583711dafc858b6d79279,,LOCAL_ZIP_FILENAME,YES,
rfep,ESCUDOS HOCKEY ESPAÑA/palau.png,palau.png,badges/rfep/palau.png,Palau,,Palau | Palau de Plegamans | Generali HC Palau,PALAU | PALAU DE PLEGAMANS | GENERALI HC PALAU,150,150,3e91d1fb989b43440874f8eee2aa5ee6d7b639b62ca4e95f3c437b1e5ae877f7,,LOCAL_ZIP_FILENAME,NO,
rfep,ESCUDOS HOCKEY ESPAÑA/parayas.png,parayas.png,badges/rfep/parayas.png,Parayas,,Parayas,PARAYAS,150,150,152dc554c515beae09e2ca77262efe17c38ffd7f0cd1e45a1a771c35b79323fe,,LOCAL_ZIP_FILENAME,YES,
rfep,ESCUDOS HOCKEY ESPAÑA/patinalon.png,patinalon.png,badges/rfep/patinalon.png,Patinalon,,Patinalon,PATINALON,150,150,f952b72f36c15a9f1f5db567642f1c04506c27f3d3af55f055e9895aa61b2d57,,LOCAL_ZIP_FILENAME,YES,
rfep,ESCUDOS HOCKEY ESPAÑA/ponferrada.png,ponferrada.png,badges/rfep/ponferrada.png,Ponferrada,,Ponferrada,PONFERRADA,150,150,f680fe68bb9dbfb228757a1d812843ba850269aa8c7aed4b55e6a88c83aea515,,LOCAL_ZIP_FILENAME,YES,
rfep,ESCUDOS HOCKEY ESPAÑA/ponteaereas.png,ponteaereas.png,badges/rfep/ponteaereas.png,Ponteaereas,,Ponteaereas,PONTEAEREAS,150,150,72572f0fa3641951bc0c16a9d60e403617eda178877c30532cafef5934b18e5e,,LOCAL_ZIP_FILENAME,YES,
rfep,ESCUDOS HOCKEY ESPAÑA/prat.png,prat.png,badges/rfep/prat.png,Prat,,Prat,PRAT,150,150,9dd91224d9a7892398ac08df98a444a6a897a9543dc9c5ff4b3d9976b4beed87,,LOCAL_ZIP_FILENAME,YES,
rfep,ESCUDOS HOCKEY ESPAÑA/puertochico.png,puertochico.png,badges/rfep/puertochico.png,Puertochico,,Puertochico,PUERTOCHICO,150,150,e3f7b61178d122b52903490344e604e8e3f9f5011d803081dc1a7996c4008a30,,LOCAL_ZIP_FILENAME,YES,
rfep,ESCUDOS HOCKEY ESPAÑA/raspeig.png,raspeig.png,badges/rfep/raspeig.png,Raspeig,,Raspeig,RASPEIG,150,150,f294343427981f352cbf7825a3aaed30a2a17620fbecfcdfb2637708bd72b993,,LOCAL_ZIP_FILENAME,YES,
rfep,ESCUDOS HOCKEY ESPAÑA/raxoi.png,raxoi.png,badges/rfep/raxoi.png,Raxoi,,Raxoi,RAXOI,150,150,8744fcac17699e527b1ab5ae1b67f31e808b76daa530622c16766529e2c9e1b1,,LOCAL_ZIP_FILENAME,YES,
rfep,ESCUDOS HOCKEY ESPAÑA/real sociedad.png,real sociedad.png,badges/rfep/real_sociedad.png,Real Sociedad,,Real Sociedad | Real Sociedad SS,REAL SOCIEDAD | REAL SOCIEDAD SS,150,150,bfd74339deca4410a24aeb7e6b7bb44b99552482511d06b53e73faa0b6971ae0,,LOCAL_ZIP_FILENAME,YES,
rfep,ESCUDOS HOCKEY ESPAÑA/resa cambre.png,resa cambre.png,badges/rfep/resa_cambre.png,Resa Cambre,,Resa Cambre,RESA CAMBRE,150,150,ff8b5ea664ec3399fc76c2b8620d9628d4a1b508a92368614d0c5a6642cd81cf,,LOCAL_ZIP_FILENAME,YES,
rfep,ESCUDOS HOCKEY ESPAÑA/reus.png,reus.png,badges/rfep/reus.png,Reus,,Reus | Reus Deportiu | Reus Deportiu Virginias,REUS | REUS DEPORTIU | REUS DEPORTIU VIRGINIAS,150,150,8466e255d418b455cdf323252328febc1d9d385068742212b9e9b893be02c6ef,,LOCAL_ZIP_FILENAME,NO,
rfep,ESCUDOS HOCKEY ESPAÑA/ripollet.png,ripollet.png,badges/rfep/ripollet.png,Ripollet,,Ripollet,RIPOLLET,150,150,42b43bb86b330449ac19e61f621a183500634dc5382edd7b945b32a16c7445c0,,LOCAL_ZIP_FILENAME,YES,
rfep,ESCUDOS HOCKEY ESPAÑA/riudebitlles.png,riudebitlles.png,badges/rfep/riudebitlles.png,Riudebitlles,,Riudebitlles,RIUDEBITLLES,150,150,77588d7da04513bbb79a4ae30c20eb913e35060858a1772fa3a72ce7233886f8,,LOCAL_ZIP_FILENAME,YES,
rfep,ESCUDOS HOCKEY ESPAÑA/rochapea.png,rochapea.png,badges/rfep/rochapea.png,Rochapea,,Rochapea,ROCHAPEA,150,150,d86c85f9c85796a92fa8b0e548785a667e4166bd1252cae0e7df728d224883ff,,LOCAL_ZIP_FILENAME,YES,
rfep,ESCUDOS HOCKEY ESPAÑA/roda.png,roda.png,badges/rfep/roda.png,Roda,,Roda,RODA,150,150,375370b965c14cf974b90a8b6af0ebd8cfa79f36a5c87e7529d128512696fc28,,LOCAL_ZIP_FILENAME,YES,
rfep,ESCUDOS HOCKEY ESPAÑA/salt.png,salt.png,badges/rfep/salt.png,Salt,,Salt,SALT,150,150,56c27a762259a0a198b69b88469664348beabf34a244d6da8bfcd28642ae63a7,ESCUDOS HOCKEY ESPAÑA/cubelles.png | ESCUDOS HOCKEY ESPAÑA/salt.png,LOCAL_ZIP_FILENAME,YES,
rfep,ESCUDOS HOCKEY ESPAÑA/san francisco solano.png,san francisco solano.png,badges/rfep/san_francisco_solano.png,San Francisco Solano,,San Francisco Solano,SAN FRANCISCO SOLANO,150,150,778711055f81dafb989fae3526f9ba90c7519fef14784dc6be4646bfe3ff14d4,,LOCAL_ZIP_FILENAME,YES,
rfep,ESCUDOS HOCKEY ESPAÑA/sant celoni.png,sant celoni.png,badges/rfep/sant_celoni.png,Sant Celoni,,Sant Celoni,SANT CELONI,150,150,a05e2e834fc4cd5220bfc6b90837834aa5844491a0f953aebe743c8ed2a70ed6,,LOCAL_ZIP_FILENAME,YES,
rfep,ESCUDOS HOCKEY ESPAÑA/sant cugat.png,sant cugat.png,badges/rfep/sant_cugat.png,Sant Cugat,,Sant Cugat,SANT CUGAT,150,150,e5f50774f756c719583f1612e8ebe446fed37b0566bd458cde37900a63f24131,,LOCAL_ZIP_FILENAME,YES,
rfep,ESCUDOS HOCKEY ESPAÑA/sant feliu.png,sant feliu.png,badges/rfep/sant_feliu.png,Sant Feliu,,Sant Feliu | CHP Sant Feliu,SANT FELIU | CHP SANT FELIU,150,150,b7123a2902986a0884e77e6cac45e8e49f772c0076bf92605af2b1806891916d,,LOCAL_ZIP_FILENAME,YES,
rfep,ESCUDOS HOCKEY ESPAÑA/sant jordi.png,sant jordi.png,badges/rfep/sant_jordi.png,Sant Jordi,,Sant Jordi,SANT JORDI,150,150,be32ad8d30e58101e39f04473aa28aeb58184e6a6819971e07e1855e3bddef6f,,LOCAL_ZIP_FILENAME,YES,
rfep,ESCUDOS HOCKEY ESPAÑA/sant just.png,sant just.png,badges/rfep/sant_just.png,Sant Just,,Sant Just | Senergy Renovables Sant Just | HC Sant Just,SANT JUST | SENERGY RENOVABLES SANT JUST | HC SANT JUST,150,150,16a094e7b633eebcbe1fef6c0704a5e988d2590563d0e4985b16f34eba738b6c,,LOCAL_ZIP_FILENAME,NO,
rfep,ESCUDOS HOCKEY ESPAÑA/santa clara praderas.png,santa clara praderas.png,badges/rfep/santa_clara_praderas.png,Santa Clara Praderas,,Santa Clara Praderas,SANTA CLARA PRADERAS,150,150,e32a799c375726c74b89e99c18f00460f89337fc3f9937eaec8c52f1e876a6ea,,LOCAL_ZIP_FILENAME,YES,
rfep,ESCUDOS HOCKEY ESPAÑA/sardinero.png,sardinero.png,badges/rfep/sardinero.png,Sardinero,,Sardinero,SARDINERO,150,150,bba68b139a5037fc7b66599284d3da49aa08fdea5018ffe95c830ab5479ee739,,LOCAL_ZIP_FILENAME,YES,
rfep,ESCUDOS HOCKEY ESPAÑA/sedavi.png,sedavi.png,badges/rfep/sedavi.png,Sedavi,,Sedavi,SEDAVI,150,150,67c0f7dd2995033e8a38abda762f9b0176f2e982d1bc9797bdd25416cd3c54a6,,LOCAL_ZIP_FILENAME,YES,
rfep,ESCUDOS HOCKEY ESPAÑA/sevilla.png,sevilla.png,badges/rfep/sevilla.png,Sevilla,,Sevilla | CPI Sevilla,SEVILLA | CPI SEVILLA,150,150,4fd37668a46a4c574da76c3fda4d4252e1f8e7eafcfd23a998a674682dc5d002,,LOCAL_ZIP_FILENAME,YES,
rfep,ESCUDOS HOCKEY ESPAÑA/shum frit ravich.png,shum frit ravich.png,badges/rfep/shum_frit_ravich.png,SHUM Frit Ravich,,SHUM Frit Ravich | SHUM,SHUM FRIT RAVICH | SHUM,150,150,d5288ca0d978e19be4e9393a750ff5baa320d4ecd07b6905f9b059d7e83ca4fd,,LOCAL_ZIP_FILENAME,YES,
rfep,ESCUDOS HOCKEY ESPAÑA/sitges.png,sitges.png,badges/rfep/sitges.png,Sitges,,Sitges,SITGES,150,150,2f7e95224fd50e8d7cc5a8d472b7d7fae911409197a8f1d44c35448e649a1c77,,LOCAL_ZIP_FILENAME,YES,
rfep,ESCUDOS HOCKEY ESPAÑA/sporting alcoi.png,sporting alcoi.png,badges/rfep/sporting_alcoi.png,Sporting Alcoi,,Sporting Alcoi,SPORTING ALCOI,150,150,223d38ce24902468ba6bc447ebc431e367533097fffdad5327cc41f66b152bfc,,LOCAL_ZIP_FILENAME,YES,
rfep,ESCUDOS HOCKEY ESPAÑA/tabadilla.png,tabadilla.png,badges/rfep/tabadilla.png,Tabadilla,,Tabadilla,TABADILLA,150,150,719df6cad0f771500ee3b3276ca1f04f986f326c3a3cbb0ad8c703bde0204210,,LOCAL_ZIP_FILENAME,YES,
rfep,ESCUDOS HOCKEY ESPAÑA/taldea santutxu.png,taldea santutxu.png,badges/rfep/taldea_santutxu.png,Taldea Santutxu,,Taldea Santutxu,TALDEA SANTUTXU,150,150,7b55ed62e446eeee1e14ed3c3fd3de048cf1e80a8119a08cb9ffe0a511cb5273,,LOCAL_ZIP_FILENAME,YES,
rfep,ESCUDOS HOCKEY ESPAÑA/taradell.png,taradell.png,badges/rfep/taradell.png,Taradell,,Taradell | CP Taradell,TARADELL | CP TARADELL,150,150,da52c67224c6131bba71df214d2b9b2604c3ef9941f020f965dc547fd11180f5,,LOCAL_ZIP_FILENAME,YES,
rfep,ESCUDOS HOCKEY ESPAÑA/telecable.png,telecable.png,badges/rfep/telecable.png,Telecable,,Telecable | Telecable HC,TELECABLE | TELECABLE HC,150,150,0bd50d634d6635fb88cfe2d7bcc2ef290202a4b3d62f2ff6fe46a0d572fca6d9,,LOCAL_ZIP_FILENAME,YES,
rfep,ESCUDOS HOCKEY ESPAÑA/tenis.png,tenis.png,badges/rfep/tenis.png,Tenis,,Tenis,TENIS,150,150,607bd3c21536bebaa94a8fd61f6bd32e5c67e0b8dc5041eaea0dda6cfc2315f1,,LOCAL_ZIP_FILENAME,YES,
rfep,ESCUDOS HOCKEY ESPAÑA/tona.png,tona.png,badges/rfep/tona.png,Tona,,Tona,TONA,150,150,c0c42573f5415276882d144cef86d74be7b09e969d15687969498e09c631a541,,LOCAL_ZIP_FILENAME,YES,
rfep,ESCUDOS HOCKEY ESPAÑA/tordera.png,tordera.png,badges/rfep/tordera.png,Tordera,,Tordera,TORDERA,150,150,6da2c01c2b2168d0c490454f52d0603e41cb6d49a75059882abe98d6c40cba8c,,LOCAL_ZIP_FILENAME,YES,
rfep,ESCUDOS HOCKEY ESPAÑA/traviesas.png,traviesas.png,badges/rfep/traviesas.png,Traviesas,,Traviesas,TRAVIESAS,150,150,7d9b854ed12f05e27ad1f2f2f81aefffc37dde3923ae7a57da361a1a5fe2506e,,LOCAL_ZIP_FILENAME,YES,
rfep,ESCUDOS HOCKEY ESPAÑA/tudela.png,tudela.png,badges/rfep/tudela.png,Tudela,,Tudela,TUDELA,150,150,2871ca460f3c718746f1cb9a642c3a9ab6f8ed8d56bf3386302d55d92f69420b,,LOCAL_ZIP_FILENAME,YES,
rfep,ESCUDOS HOCKEY ESPAÑA/urdaneta.png,urdaneta.png,badges/rfep/urdaneta.png,Urdaneta,,Urdaneta,URDANETA,150,150,23af8d49628d49d09cade80b9b515ef1952be73bf83d64fd8259a464669e3792,,LOCAL_ZIP_FILENAME,YES,
rfep,ESCUDOS HOCKEY ESPAÑA/valls intec.png,valls intec.png,badges/rfep/valls_intec.png,Valls Intec,,Valls Intec,VALLS INTEC,150,150,ad021a80d6acd3d8d797c87d4e98abd2c30433b4a013185d8ff868d1c1f03411,,LOCAL_ZIP_FILENAME,YES,
rfep,ESCUDOS HOCKEY ESPAÑA/vendrell.png,vendrell.png,badges/rfep/vendrell.png,Vendrell,,Vendrell | CE Vendrell,VENDRELL | CE VENDRELL,150,150,872474d77fa0abb8e453d9b78044eb40e76b4340df6d19ceaedeb41efb624830,,LOCAL_ZIP_FILENAME,YES,
rfep,ESCUDOS HOCKEY ESPAÑA/vic.png,vic.png,badges/rfep/vic.png,Vic,,Vic,VIC,113,150,7ab27973753f59dc1b77e73f0fcadf26970a08028944ddf03ebe47503d785c8e,,LOCAL_ZIP_FILENAME,YES,
rfep,ESCUDOS HOCKEY ESPAÑA/vila-sana.png,vila-sana.png,badges/rfep/vila_sana.png,Vila-sana,,Vila-sana | CP Vila-sana,VILA SANA | CP VILA SANA,150,150,e69e596bc78cae074ce9181ad5a74237ca8100f4bb5756e756e5a20bc438f192,,LOCAL_ZIP_FILENAME,YES,
rfep,ESCUDOS HOCKEY ESPAÑA/vila-seca.png,vila-seca.png,badges/rfep/vila_seca.png,Vila-seca,,Vila-seca,VILA SECA,150,150,9f5c79295439c16818fc455d1342244672572124abd6239762f2af91e32a5910,,LOCAL_ZIP_FILENAME,YES,
rfep,ESCUDOS HOCKEY ESPAÑA/vilafranca.png,vilafranca.png,badges/rfep/vilafranca.png,Vilafranca,,Vilafranca,VILAFRANCA,150,150,96a905df57d81cf561a933d4f19a9dd0606757c79befa0d05ab49e233d68c69a,,LOCAL_ZIP_FILENAME,YES,
rfep,ESCUDOS HOCKEY ESPAÑA/vilanova.png,vilanova.png,badges/rfep/vilanova.png,Vilanova,,Vilanova,VILANOVA,150,150,24c45addad6ea48795267c7e6cbf364f192a7c54091d79997b7ba798b3f19bc0,,LOCAL_ZIP_FILENAME,YES,
rfep,ESCUDOS HOCKEY ESPAÑA/vilassar.png,vilassar.png,badges/rfep/vilassar.png,Vilassar,,Vilassar,VILASSAR,150,150,2cb7b10d9360049706524246d70be14e749d57c7ebca4a90ae9d4b60051f74ee,,LOCAL_ZIP_FILENAME,YES,
rfep,ESCUDOS HOCKEY ESPAÑA/villena.png,villena.png,badges/rfep/villena.png,Villena,,Villena,VILLENA,150,150,ac0090d2542806ec3d98a06fc2794a123ea2edd31a1714a2c710d3abda216c9f,,LOCAL_ZIP_FILENAME,YES,
rfep,ESCUDOS HOCKEY ESPAÑA/voltrega.png,voltrega.png,badges/rfep/voltrega.png,Voltregà,,Voltregà | CP Voltregà,VOLTREGA | CP VOLTREGA,150,150,ccd2aada0134e9052c635ed0891752db6665fd79e62d8071f71360f2fc513c45,,LOCAL_ZIP_FILENAME,YES,
rfep,ESCUDOS HOCKEY ESPAÑA/voto.png,voto.png,badges/rfep/voto.png,Voto,,Voto,VOTO,150,150,25a54c8d1d42cfcaeef73ab06f3c1659013d616f2a34503c74e0cb2600f2563f,,LOCAL_ZIP_FILENAME,YES,
rfep,ESCUDOS HOCKEY ESPAÑA/xabia.png,xabia.png,badges/rfep/xabia.png,Xàbia,,Xàbia,XABIA,150,150,e845e5e62f9b4f343aae2499ca7e4a07ffa0653647920525a3df71461096aedb,,LOCAL_ZIP_FILENAME,YES,
rfep,ESCUDOS HOCKEY ESPAÑA/zafra.png,zafra.png,badges/rfep/zafra.png,Zafra,,Zafra,ZAFRA,148,150,5dad1156d507f6fb25f6ef2f785acd89b29339c0a58bcdd0ec563ea49b20de48,,LOCAL_ZIP_FILENAME,YES,
seleccion_autonomica,ESCUDOS HOCKEY ESPAÑA/SELECCIONES AUTONOMICAS/andalucia.png,andalucia.png,badges/selecciones/andalucia.png,Andalucia,,Andalucia,ANDALUCIA,150,150,895f54e83a57253d838327e2b9d950cb3efbd043d99dc76f66308e8811debd61,,LOCAL_ZIP_FILENAME,NO,
seleccion_autonomica,ESCUDOS HOCKEY ESPAÑA/SELECCIONES AUTONOMICAS/andorra.png,andorra.png,badges/selecciones/andorra.png,Andorra,,Andorra,ANDORRA,150,150,2a7171de0be73552059a3b5856919c68529d89d77aa290116b7d9593a42e6515,,LOCAL_ZIP_FILENAME,NO,
seleccion_autonomica,ESCUDOS HOCKEY ESPAÑA/SELECCIONES AUTONOMICAS/asturias.png,asturias.png,badges/selecciones/asturias.png,Asturias,,Asturias,ASTURIAS,150,150,0dd8ad294c3fc1768f7e07df7ea47f4c3f61f4a09b3a79e51c46c317d8ce31b0,,LOCAL_ZIP_FILENAME,NO,
seleccion_autonomica,ESCUDOS HOCKEY ESPAÑA/SELECCIONES AUTONOMICAS/cantabria.png,cantabria.png,badges/selecciones/cantabria.png,Cantabria,,Cantabria,CANTABRIA,150,150,8f4becda60f0f88cfc3403a140bc3b572a910ee4d266e2fd4a3df6a586ea7498,,LOCAL_ZIP_FILENAME,NO,
seleccion_autonomica,ESCUDOS HOCKEY ESPAÑA/SELECCIONES AUTONOMICAS/castilla la mancha.png,castilla la mancha.png,badges/selecciones/castilla_la_mancha.png,Castilla La Mancha,,Castilla La Mancha,CASTILLA LA MANCHA,150,150,f94c836bdca8500517594ade1d04bd4c6501bada6c2da9f96cafbe354917a9ef,,LOCAL_ZIP_FILENAME,NO,
seleccion_autonomica,ESCUDOS HOCKEY ESPAÑA/SELECCIONES AUTONOMICAS/cataluña.png,cataluña.png,badges/selecciones/cataluna.png,Cataluña,,Cataluña,CATALUNA,150,150,6bcdf22257d96e7028ec76b4766fb7afef639c79b1980efe8e4a43119298a441,,LOCAL_ZIP_FILENAME,NO,
seleccion_autonomica,ESCUDOS HOCKEY ESPAÑA/SELECCIONES AUTONOMICAS/comunidad valenciana.png,comunidad valenciana.png,badges/selecciones/comunidad_valenciana.png,Comunidad Valenciana,,Comunidad Valenciana,COMUNIDAD VALENCIANA,150,150,104ef5510c6af9f72ee1559bbc746d0902e5f395beaa505428a3abbc54bd9578,,LOCAL_ZIP_FILENAME,NO,
seleccion_autonomica,ESCUDOS HOCKEY ESPAÑA/SELECCIONES AUTONOMICAS/galicia.png,galicia.png,badges/selecciones/galicia.png,Galicia,,Galicia,GALICIA,150,150,532a79b59a997e6e7721a070fe4863a92ff9689f328afbf72f03033e70e49715,,LOCAL_ZIP_FILENAME,NO,
seleccion_autonomica,ESCUDOS HOCKEY ESPAÑA/SELECCIONES AUTONOMICAS/madrid.png,madrid.png,badges/selecciones/madrid.png,Madrid,,Madrid,MADRID,150,150,64c378bd40e9ebff202233feeb3bf4ee285fcf594e6e16042015aa078a045e75,,LOCAL_ZIP_FILENAME,NO,
seleccion_autonomica,ESCUDOS HOCKEY ESPAÑA/SELECCIONES AUTONOMICAS/navarra.png,navarra.png,badges/selecciones/navarra.png,Navarra,,Navarra,NAVARRA,150,150,5cbf45cd348c3dc0a1a0983fa87278b09ee08a0a208006bd94093a9fa687d2f6,,LOCAL_ZIP_FILENAME,NO,
seleccion_autonomica,ESCUDOS HOCKEY ESPAÑA/SELECCIONES AUTONOMICAS/pais vasco.png,pais vasco.png,badges/selecciones/pais_vasco.png,Pais Vasco,,Pais Vasco,PAIS VASCO,150,150,c7acd1ec61fbab7a872dec463b4ae18961d428036b6a007bc8bf8a16e242b301,,LOCAL_ZIP_FILENAME,NO,
